{
    "testcase_Gamma8=095": {
        "Gamma8=0950": 27543.543894492963,
        "Gamma8=0950.25": 27712.99898365977,
        "Gamma8=0950.5": 28055.36569846425,
        "Gamma8=0951": 29439.08451072711,
        "Gamma8=09510": 44125.64473124966,
        "Gamma8=095100": 85336.09405718514,
        "Gamma8=095500": 120288.04462568539,
        "Gamma8=0951000": 166298.5177581665
    },
    "testcase_Gamma8=098": {
        "Gamma8=0980": 71640.76605998194,
        "Gamma8=0980.25": 73544.22363806031,
        "Gamma8=0980.5": 89558.30254811901,
        "Gamma8=0981": 83853.31505871029,
        "Gamma8=09810": 113464.98025953898,
        "Gamma8=098100": 238354.98832588672,
        "Gamma8=098500": 459927.88458954805,
        "Gamma8=0981000": 743595.8621514076
    },
    "testcase_Gamma8=0999": {
        "Gamma8=09990": 1317015.6273999482,
        "Gamma8=09990.25": 1908104.6553507976,
        "Gamma8=09990.5": 1826959.44203171,
        "Gamma8=09991": 1530117.7642807376,
        "Gamma8=099910": 2393981.031191086,
        "Gamma8=0999100": 14318009.739629325,
        "Gamma8=0999500": 73604244.21840623,
        "Gamma8=09991000": 145557391.8264276
    },
    "testcase_Gamma8=1": {
        "Gamma8=10": 3817453.169256589,
        "Gamma8=10.25": 5831671.342273869,
        "Gamma8=10.5": 5174809.539128171,
        "Gamma8=11": 4590650.30737819,
        "Gamma8=110": 9701726.650306094,
        "Gamma8=1100": 86589650.7829169,
        "Gamma8=1500": 541233182.135168,
        "Gamma8=11000": 1042508828.5795472
    }
}