{
    "exp_Gamma8=082": {
        "UCB1_Gamma8=082": 244110.354675322,
        "EXP3_Gamma8=082": 350692.3700864435,
        "MiniBatchEXP3_Gamma8=082": 336855.7962654999,
        "AR2_Gamma8=082": 752022.8661334061,
        "ARB_Gamma8=082": 25153.668984981057
    },
    "exp_Gamma8=095": {
        "UCB1_Gamma8=095": 92021.08223610296,
        "EXP3_Gamma8=095": 93385.3544533873,
        "MiniBatchEXP3_Gamma8=095": 93020.69353650026,
        "AR2_Gamma8=095": 93284.61250784861,
        "ARB_Gamma8=095": 91043.67396466374
    },
    "exp_Gamma8=098": {
        "UCB1_Gamma8=098": 229465.1546298402,
        "EXP3_Gamma8=098": 239906.24845909234,
        "MiniBatchEXP3_Gamma8=098": 239082.33002033192,
        "AR2_Gamma8=098": 241012.03506792645,
        "ARB_Gamma8=098": 234157.56385945965
    },
    "exp_Gamma8=0999": {
        "UCB1_Gamma8=0999": 2723271.7131831557,
        "EXP3_Gamma8=0999": 6482812.618744584,
        "MiniBatchEXP3_Gamma8=0999": 6254603.571115685,
        "AR2_Gamma8=0999": 6685921.072893415,
        "ARB_Gamma8=0999": 5558497.225121729
    },
    "exp_Gamma8=1": {
        "UCB1_Gamma8=1": 7279893.766652611,
        "EXP3_Gamma8=1": 50066696.93923649,
        "MiniBatchEXP3_Gamma8=1": 45329827.92173831,
        "AR2_Gamma8=1": 55971691.76272217,
        "ARB_Gamma8=1": 31814131.240286123
    }
}